file,symbol,action,type,time,exchange,title,url,article_id,comments
output/okx/okx_6bc5f694400d6389518adda7a5fd71c7.txt,BTC/USDC,上架,现货,2025-08-21,okx,,,,
output/okx/okx_6bc5f694400d6389518adda7a5fd71c7.txt,ETH/USDC,上架,现货,2025-08-21,okx,,,,
output/okx/okx_6bc5f694400d6389518adda7a5fd71c7.txt,SOL/USDC,上架,现货,2025-08-21,okx,,,,
output/okx/okx_6bc5f694400d6389518adda7a5fd71c7.txt,TON/USDC,上架,现货,2025-08-21,okx,,,,
output/okx/okx_6bc5f694400d6389518adda7a5fd71c7.txt,DOGE/USDC,上架,现货,2025-08-21,okx,,,,
output/okx/okx_6bc5f694400d6389518adda7a5fd71c7.txt,XRP/USDC,上架,现货,2025-08-21,okx,,,,
output/okx/okx_6bc5f694400d6389518adda7a5fd71c7.txt,PI/USDC,上架,现货,2025-08-21,okx,,,,
output/okx/okx_6bc5f694400d6389518adda7a5fd71c7.txt,ADA/USDC,上架,现货,2025-08-21,okx,,,,
output/okx/okx_6bc5f694400d6389518adda7a5fd71c7.txt,LTC/USDC,上架,现货,2025-08-21,okx,,,,
output/okx/okx_6bc5f694400d6389518adda7a5fd71c7.txt,PEPE/USDC,上架,现货,2025-08-21,okx,,,,
output/okx/okx_6bc5f694400d6389518adda7a5fd71c7.txt,SUI/USDC,上架,现货,2025-08-21,okx,,,,
output/okx/okx_6bc5f694400d6389518adda7a5fd71c7.txt,TRX/USDC,上架,现货,2025-08-21,okx,,,,
output/weex/weex_c8df7443adb6ba4971bf23c95633a470.txt,IO/USDT,上架,合约,2024-06-12,weex,,,,
output/weex/weex_c8df7443adb6ba4971bf23c95633a470.txt,IO/USDT,上架,现货,2024-06-12,weex,,,,
output/weex/weex_b0334afd291addf0bc6175219ec6e6b6.txt,WOJAK/USDT,上架,现货,2024-06-13,weex,,,,
output/weex/weex_b0334afd291addf0bc6175219ec6e6b6.txt,WOJAK/USDT,上架,合约,2024-06-13,weex,,,,
output/weex/weex_bc4626bf8f7ad6cc44ce75e752c95f42.txt,ULTI/USDT,上架,合约,2024-06-13,weex,,,,
output/weex/weex_bc4626bf8f7ad6cc44ce75e752c95f42.txt,ULTI/USDT,上架,现货,2024-06-13,weex,,,,
output/weex/weex_7f39131dcb7a7ab8819e739387cdcaba.txt,15 perpetual futures trading pairs,上架,合约,2024-07-05,weex,,,,
output/weex/weex_3b68b7cf287f2f3dead8a5da085411a1.txt,VTHO/USDT,上架,现货,2024-06-07,weex,,,,
output/weex/weex_3b68b7cf287f2f3dead8a5da085411a1.txt,VTHO/USDT,上架,合约,2024-06-07,weex,,,,
output/weex/weex_591ee8de67ae579c4dc563498eb2478a.txt,StETH/USDT,上架,现货,2024-06-07,weex,,,,
output/weex/weex_4b8dee418c9824c84c56b340a81eb5eb.txt,交易对符号,上架,现货,2024-06-20,weex,,,,
output/weex/weex_0f805439aa451b7029376d6157a8f0dd.txt,10 perpetual futures trading pairs,上架,合约,2024-06-27,weex,,,,
output/weex/weex_efb1d3c2ffe9f434d6909308cce0297e.txt,10 perpetual futures trading pairs,上架,合约,2024-06-20,weex,,,,
output/weex/weex_7f0e45f85444e082f293f90eb8f75011.txt,ZRO/USDT,上架,现货,2024-06-21,weex,,,,
output/weex/weex_7f0e45f85444e082f293f90eb8f75011.txt,ZRO/USDT,上架,合约,2024-06-21,weex,,,,
output/weex/weex_47ff9a78b62d0d29105ab38b47df0786.txt,14 spot trading pairs,上架,现货,2024-07-05,weex,,,,
output/weex/weex_3747c4a9eb5a6bd3c30d6e19e4c314fa.txt,GAS/USDT,上架,现货,2024-06-13,weex,,,,
output/weex/weex_3747c4a9eb5a6bd3c30d6e19e4c314fa.txt,GAS/USDT,上架,合约,2024-06-13,weex,,,,
output/weex/weex_6886d13f7cb8dfdca7ebd69c378241a5.txt,MOG/USDT,上架,合约,2024-06-13,weex,,,,
output/weex/weex_6886d13f7cb8dfdca7ebd69c378241a5.txt,MOG/USDT,上架,现货,2024-06-13,weex,,,,
output/weex/weex_6981f4d77f0c154a9d6d95697f8151e9.txt,HIGH/USDT,上架,合约,2024-06-13,weex,,,,
output/weex/weex_6981f4d77f0c154a9d6d95697f8151e9.txt,HIGH/USDT,上架,现货,2024-06-13,weex,,,,
output/weex/weex_0701d1343f1bf4d798b6027000c2a6f8.txt,MAVIA/USDT,上架,现货,2024-06-13,weex,,,,
output/weex/weex_0701d1343f1bf4d798b6027000c2a6f8.txt,MAVIA/USDT,上架,合约,2024-06-13,weex,,,,
output/weex/weex_356077ba9689d65a850cff8ee29a3241.txt,BAT/USDT,上架,合约,2024-06-13,weex,,,,
output/weex/weex_7834b003ae6d082636bf3db2a21f727c.txt,TAIKO/USDT,上架,现货,2024-06-13,weex,,,,
output/weex/weex_7834b003ae6d082636bf3db2a21f727c.txt,TAIKO/USDT,上架,合约,2024-06-13,weex,,,,
output/weex/weex_8095c89c77bd2ffbbb45ee7bc6e67f03.txt,NULS/USDT,上架,现货,2024-06-13,weex,,,,
output/weex/weex_a7d9c11c43b4cfd196e016430099e91a.txt,PIZZA/USDT,上架,现货,2024-06-13,weex,,,,
output/weex/weex_6069f8d99559b21fb788e3601657f8de.txt,GME/USDT,上架,合约,2024-06-13,weex,,,,
output/weex/weex_6069f8d99559b21fb788e3601657f8de.txt,GME/USDT,上架,现货,2024-06-13,weex,,,,
output/blofin/blofin_be836dbb62d33a20cad3b6fb8028867e.txt,PGPT/USDT,上架,现货,2025-08-21,blofin,,,,
output/blofin/blofin_02ebf9bd051fe65043c2dea859a1c236.txt,TRXUSD,下架,合约,2025-08-15,blofin,,,,
output/blofin/blofin_4c06dafbbb95d8d55b7323cad758a7a8.txt,YZY/USDT,上架,合约,2025-08-21,blofin,,,,
output/blofin/blofin_69403cc9a09dd76c9ac72f163b8cf00a.txt,1000000PEIPEIUSDT,下架,合约,2025-08-15,blofin,,,,
output/blofin/blofin_4bf33fe394b3a642026f4047245c73a6.txt,DUSDT,下架,合约,2025-08-18,blofin,,,,
output/blofin/blofin_4bf33fe394b3a642026f4047245c73a6.txt,SENDUSDT,下架,合约,2025-08-18,blofin,,,,
output/blofin/blofin_4bf33fe394b3a642026f4047245c73a6.txt,QUICKUSDT,下架,合约,2025-08-18,blofin,,,,
output/blofin/blofin_4bf33fe394b3a642026f4047245c73a6.txt,SCRTUSDT,下架,合约,2025-08-18,blofin,,,,
output/blofin/blofin_4bf33fe394b3a642026f4047245c73a6.txt,HIVEUSDT,下架,合约,2025-08-18,blofin,,,,
output/blofin/blofin_4bf33fe394b3a642026f4047245c73a6.txt,ALUUSDT,下架,合约,2025-08-18,blofin,,,,
output/blofin/blofin_4bf33fe394b3a642026f4047245c73a6.txt,ROAMUSDT,下架,合约,2025-08-18,blofin,,,,
output/blofin/blofin_4bf33fe394b3a642026f4047245c73a6.txt,DOLOUSDT,下架,合约,2025-08-18,blofin,,,,
output/blofin/blofin_4bf33fe394b3a642026f4047245c73a6.txt,SOSOUSDT,下架,合约,2025-08-18,blofin,,,,
output/blofin/blofin_4bf33fe394b3a642026f4047245c73a6.txt,PORT3USDT,下架,合约,2025-08-18,blofin,,,,
output/blofin/blofin_4bf33fe394b3a642026f4047245c73a6.txt,NXPCUSDT,下架,合约,2025-08-18,blofin,,,,
output/blofin/blofin_4bf33fe394b3a642026f4047245c73a6.txt,LAUNCHCOINUSDT,下架,合约,2025-08-18,blofin,,,,
output/blofin/blofin_4bf33fe394b3a642026f4047245c73a6.txt,XIONUSDT,下架,合约,2025-08-18,blofin,,,,
output/blofin/blofin_4bf33fe394b3a642026f4047245c73a6.txt,GIGAUSDT,下架,合约,2025-08-18,blofin,,,,
output/blofin/blofin_4bf33fe394b3a642026f4047245c73a6.txt,CLOUDUSDT,下架,合约,2025-08-18,blofin,,,,
output/blofin/blofin_4bf33fe394b3a642026f4047245c73a6.txt,DUCKUSDT,下架,合约,2025-08-18,blofin,,,,
output/blofin/blofin_4bf33fe394b3a642026f4047245c73a6.txt,HPOS10lUSDT,下架,合约,2025-08-18,blofin,,,,
output/blofin/blofin_4bf33fe394b3a642026f4047245c73a6.txt,DMCUSDT,下架,合约,2025-08-18,blofin,,,,
output/blofin/blofin_4bf33fe394b3a642026f4047245c73a6.txt,TANSSIUSDT,下架,合约,2025-08-18,blofin,,,,
output/blofin/blofin_4bf33fe394b3a642026f4047245c73a6.txt,10000COQUSDT,下架,合约,2025-08-18,blofin,,,,
output/blofin/blofin_57369cae4c9c4ed2957bca65fa778480.txt,OVL/USDT,上架,现货,2025-08-14,blofin,,,,
output/blofin/blofin_31230ce218b0090f8abcf2b8328e75b8.txt,BUZZ/USDT,下架,现货,2025-08-19,blofin,,,,
output/blofin/blofin_31230ce218b0090f8abcf2b8328e75b8.txt,MVL/USDT,下架,现货,2025-08-19,blofin,,,,
output/blofin/blofin_31230ce218b0090f8abcf2b8328e75b8.txt,ROAM/USDT,下架,现货,2025-08-19,blofin,,,,
output/blofin/blofin_6761feb03db62ae42f768bf25057de89.txt,CUDIS/USDT,上架,合约,2025-08-20,blofin,,,,
output/blofin/blofin_5b5c65aaa55b5cac7552f191817154a7.txt,VADER/USDT,下架,现货,2025-08-19,blofin,,,,
output/blofin/blofin_5b5c65aaa55b5cac7552f191817154a7.txt,BOBO/USDT,下架,现货,2025-08-19,blofin,,,,
output/blofin/blofin_5b5c65aaa55b5cac7552f191817154a7.txt,SPICE/USDT,下架,现货,2025-08-19,blofin,,,,
output/blofin/blofin_5b5c65aaa55b5cac7552f191817154a7.txt,RIZ/USDT,下架,现货,2025-08-19,blofin,,,,
output/blofin/blofin_5b5c65aaa55b5cac7552f191817154a7.txt,LKI/USDT,下架,现货,2025-08-19,blofin,,,,
output/blofin/blofin_7147e72ce3eeed3315544b49914467ad.txt,ALKIMI/USDT,上架,现货,2025-08-20,blofin,,,,
output/blofin/blofin_a5faef034f8b0bb983a5dc6059eeae5a.txt,SAPIEN/USDT,上架,合约,2025-08-20,blofin,,,,
output/blofin/blofin_51244f56d4bb844e0ef9991b4ee33790.txt,ZENKO/USDT,上架,现货,2025-08-08,blofin,,,,
output/blofin/blofin_2de5b1213a582e54f45585215dad755a.txt,MINDFAK/USDT,上架,现货,2025-08-21,blofin,,,,
output/blofin/blofin_2e359c638d5fb15d0a58a07ae65a8c4c.txt,IN/USDT,上架,现货,2025-08-07,blofin,,,,
output/blofin/blofin_6f4cddc35de00e5577933fb7ca95a5c5.txt,DAM/USDT,上架,合约,2025-08-18,blofin,,,,
output/blofin/blofin_ea8e011e50d18a55dbe6afd12f6ecce3.txt,TLM/USDT,下架,合约,2025-08-26,blofin,,,,
output/blofin/blofin_ea8e011e50d18a55dbe6afd12f6ecce3.txt,COS/USDT,下架,合约,2025-08-26,blofin,,,,
output/blofin/blofin_ea8e011e50d18a55dbe6afd12f6ecce3.txt,1000XEC/USDT,下架,合约,2025-08-26,blofin,,,,
output/blofin/blofin_ea8e011e50d18a55dbe6afd12f6ecce3.txt,1000BTT/USDT,下架,合约,2025-08-26,blofin,,,,
output/blofin/blofin_99f7166e48c9c1976518471a8a39f709.txt,XNY/USDT,上架,合约,2025-08-13,blofin,,,,
output/blofin/blofin_91f9cf071bf758c36e7a9cd66e3cf157.txt,BTC/USDC,上架,合约,2025-08-18,blofin,,,,
output/blofin/blofin_91f9cf071bf758c36e7a9cd66e3cf157.txt,ETH/USDC,上架,合约,2025-08-18,blofin,,,,
output/blofin/blofin_91f9cf071bf758c36e7a9cd66e3cf157.txt,DOGE/USDC,上架,合约,2025-08-18,blofin,,,,
output/blofin/blofin_91f9cf071bf758c36e7a9cd66e3cf157.txt,SOL/USDC,上架,合约,2025-08-18,blofin,,,,
output/blofin/blofin_91f9cf071bf758c36e7a9cd66e3cf157.txt,XRP/USDC,上架,合约,2025-08-18,blofin,,,,
output/blofin/blofin_91f9cf071bf758c36e7a9cd66e3cf157.txt,BNB/USDC,上架,合约,2025-08-18,blofin,,,,
output/blofin/blofin_91f9cf071bf758c36e7a9cd66e3cf157.txt,SUI/USDC,上架,合约,2025-08-18,blofin,,,,
output/blofin/blofin_91f9cf071bf758c36e7a9cd66e3cf157.txt,LINK/USDC,上架,合约,2025-08-18,blofin,,,,
output/blofin/blofin_91f9cf071bf758c36e7a9cd66e3cf157.txt,ENA/USDC,上架,合约,2025-08-18,blofin,,,,
output/blofin/blofin_91f9cf071bf758c36e7a9cd66e3cf157.txt,ADA/USDC,上架,合约,2025-08-18,blofin,,,,
output/lbank/lbank_1958505346238513152.txt,AKE/USDT,上架,合约,2025-08-21,lbank,,,,
output/lbank/lbank_1957775326410964992.txt,AKE/USDT,上架,现货,2025-08-21,lbank,,,,
output/lbank/lbank_1958002152244772864.txt,LION/USDT,上架,现货,2025-08-21,lbank,,,,
output/lbank/lbank_1958449128547549184.txt,67/USDT,上架,现货,2025-08-21,lbank,,,,
output/lbank/lbank_1955171729894539264.txt,DSYNC/USDT,上架,现货,2025-08-13,lbank,,,,
output/lbank/lbank_1957793723949514752.txt,BTCDOM/USDT,上架,合约,2025-08-19,lbank,,,,
output/lbank/lbank_1958383715281272832.txt,DARK1/USDT,上架,现货,2025-08-21,lbank,,,,
output/lbank/lbank_1958158142223155200.txt,HODL/USDT,上架,现货,2025-08-20,lbank,,,,
output/lbank/lbank_1958065130000351232.txt,DGC/USDT,上架,现货,2025-08-20,lbank,,,,
output/lbank/lbank_1957725011204636672.txt,BBDY/USDT,上架,现货,2025-08-21,lbank,,,,
output/lbank/lbank_1958367387535278080.txt,YZYMNY/USDT,上架,现货,2025-08-21,lbank,,,,
output/lbank/lbank_1958003108084711424.txt,DSYNC/USDT,上架,合约,2025-08-20,lbank,,,,
output/lbank/lbank_1958381710638841856.txt,CLANKER1/USDT,上架,现货,2025-08-21,lbank,,,,
output/lbank/lbank_1958393706268590080.txt,YZY/USDT,上架,合约,2025-08-21,lbank,,,,
output/lbank/lbank_1958394614767419392.txt,SAPIEN/USDT,上架,合约,2025-08-21,lbank,,,,
output/lbank/lbank_1957673778599165952.txt,HALO1/USDT,上架,现货,2025-08-20,lbank,,,,
output/upbit/upbit_5429.txt,API3/KRW,上架,现货,2025-08-19,upbit,,,,
output/upbit/upbit_5429.txt,API3/USDT,上架,现货,2025-08-19,upbit,,,,
output/btcc/btcc_169062.txt,BTC/USDT,上架,现货,2025-08-21,btcc,,,,
output/btcc/btcc_169062.txt,ETH/USDT,上架,现货,2025-08-21,btcc,,,,
output/btcc/btcc_169062.txt,LTC/USDT,上架,现货,2025-08-21,btcc,,,,
output/btcc/btcc_169062.txt,BCH/USDT,上架,现货,2025-08-21,btcc,,,,
output/btcc/btcc_169062.txt,EOS/USDT,上架,现货,2025-08-21,btcc,,,,
output/btcc/btcc_169062.txt,XRP/USDT,上架,现货,2025-08-21,btcc,,,,
output/btcc/btcc_169062.txt,ADA/USDT,上架,现货,2025-08-21,btcc,,,,
output/btcc/btcc_169054.txt,NVDAX/USDT,下架,现货,2025-08-20,btcc,,,,
output/btcc/btcc_169054.txt,COINX/USDT,下架,现货,2025-08-20,btcc,,,,
output/btcc/btcc_168919.txt,SBET/USDT,上架,合约,2025-08-15,btcc,,,,
output/coinex/coinex_39859235969812.txt,MAMO/USDT,上架,现货,2025-08-01,coinex,,,,
output/coinex/coinex_40282944756756.txt,XNY/USDT,上架,现货,2025-08-15,coinex,,,,
output/coinex/coinex_39859182646164.txt,IKA/USDT,上架,现货,2025-08-01,coinex,,,,
output/coinex/coinex_39965711454356.txt,PROVE/USDT,上架,现货,2025-08-06,coinex,,,,
output/coinex/coinex_40282237546132.txt,PDA/USDT,下架,现货,2025-08-22,coinex,,,,
output/coinex/coinex_40282237546132.txt,APTR/USDT,下架,现货,2025-08-22,coinex,,,,
output/coinex/coinex_40282237546132.txt,HEGIC/USDT,下架,现货,2025-08-22,coinex,,,,
output/coinex/coinex_40282237546132.txt,BARRON/USDT,下架,现货,2025-08-22,coinex,,,,
output/coinex/coinex_40282237546132.txt,NAP/USDT,下架,现货,2025-08-22,coinex,,,,
output/coinex/coinex_40282237546132.txt,SRK/USDT,下架,现货,2025-08-22,coinex,,,,
output/coinex/coinex_40282237546132.txt,FARMHYPE/USDT,下架,现货,2025-08-22,coinex,,,,
output/coinex/coinex_40282237546132.txt,POOLX/USDT,下架,现货,2025-08-22,coinex,,,,
output/coinex/coinex_40282237546132.txt,KCN/USDT,下架,现货,2025-08-22,coinex,,,,
output/coinex/coinex_40465156247060.txt,SAPIEN/USDT,上架,现货,2025-08-21,coinex,,,,
output/coinex/coinex_40394887694100.txt,FUSD/USDT,上架,现货,2025-08-19,coinex,,,,
output/coinex/coinex_39858799717524.txt,NOICE/USDT,上架,现货,2025-08-01,coinex,,,,
output/coinex/coinex_40248241694100.txt,KLY/USDT,下架,现货,2025-08-20,coinex,,,,
output/coinex/coinex_40248241694100.txt,BEND/USDT,下架,现货,2025-08-20,coinex,,,,
output/coinex/coinex_40248241694100.txt,BEER/USDT,下架,现货,2025-08-20,coinex,,,,
output/coinex/coinex_40248241694100.txt,AZUR/USDT,下架,现货,2025-08-20,coinex,,,,
output/coinex/coinex_40248241694100.txt,BUZ/USDT,下架,现货,2025-08-20,coinex,,,,
output/coinex/coinex_40248241694100.txt,SHARK/USDT,下架,现货,2025-08-20,coinex,,,,
output/coinex/coinex_40248241694100.txt,STFX/USDT,下架,现货,2025-08-20,coinex,,,,
output/coinex/coinex_40248241694100.txt,GUMMY/USDT,下架,现货,2025-08-20,coinex,,,,
output/coinex/coinex_39789206183188.txt,URANUS/USDT,上架,现货,2025-07-30,coinex,,,,
output/coinex/coinex_39753721126932.txt,OCT/USDT,下架,现货,2025-08-06,coinex,,,,
output/coinex/coinex_39753721126932.txt,GNON/USDT,下架,现货,2025-08-06,coinex,,,,
output/coinex/coinex_39753721126932.txt,ZERO/USDT,下架,现货,2025-08-06,coinex,,,,
output/coinex/coinex_39753721126932.txt,CWS/USDT,下架,现货,2025-08-06,coinex,,,,
output/coinex/coinex_39753721126932.txt,STAR/USDT,下架,现货,2025-08-06,coinex,,,,
output/coinex/coinex_39753721126932.txt,HOP/USDT,下架,现货,2025-08-06,coinex,,,,
output/coinex/coinex_39753721126932.txt,WHALE/USDT,下架,现货,2025-08-06,coinex,,,,
output/coinex/coinex_39753721126932.txt,EVMOS/USDT,下架,现货,2025-08-06,coinex,,,,
output/coinex/coinex_39753721126932.txt,EVMOS/BTC,下架,现货,2025-08-06,coinex,,,,
output/coinex/coinex_39753721126932.txt,TRACY/USDT,下架,现货,2025-08-06,coinex,,,,
output/coinex/coinex_40182562435732.txt,YALA/USDT,上架,现货,2025-08-13,coinex,,,,
output/coinex/coinex_39788932728852.txt,TREE/USDT,上架,现货,2025-07-30,coinex,,,,
output/coinex/coinex_39789005440276.txt,JUSTAMEMECOIN/USDT,上架,现货,2025-07-30,coinex,,,,
output/coinex/coinex_40463358458900.txt,YZY/USDT,上架,现货,2025-08-21,coinex,,,,
output/coinex/coinex_39965770786964.txt,TOWNS/USDT,上架,现货,2025-08-05,coinex,,,,
output/coinex/coinex_40145763257492.txt,LIBRA/USDT,下架,现货,2025-08-18,coinex,,,,
output/coinex/coinex_40145763257492.txt,UBC/USDT,下架,现货,2025-08-18,coinex,,,,
output/coinex/coinex_40145763257492.txt,PAJAMAS/USDT,下架,现货,2025-08-18,coinex,,,,
output/coinex/coinex_40145763257492.txt,APRS/USDT,下架,现货,2025-08-18,coinex,,,,
output/coinex/coinex_40145763257492.txt,ESE/USDT,下架,现货,2025-08-18,coinex,,,,
output/coinex/coinex_40145763257492.txt,ENQAI/USDT,下架,现货,2025-08-18,coinex,,,,
output/coinex/coinex_40145763257492.txt,BULLY/USDT,下架,现货,2025-08-18,coinex,,,,
output/coinex/coinex_40145763257492.txt,BLINK/USDT,下架,现货,2025-08-18,coinex,,,,
output/coinex/coinex_40145763257492.txt,PESTO/USDT,下架,现货,2025-08-18,coinex,,,,
output/coinex/coinex_40463754301972.txt,AIPG/USDT,下架,现货,2025-08-28,coinex,,,,
output/coinex/coinex_40463754301972.txt,AIT/USDT,下架,现货,2025-08-28,coinex,,,,
output/coinex/coinex_40463754301972.txt,UWU/USDT,下架,现货,2025-08-28,coinex,,,,
output/coinex/coinex_40463754301972.txt,BRWL/USDT,下架,现货,2025-08-28,coinex,,,,
output/coinex/coinex_40463754301972.txt,RAT/USDT,下架,现货,2025-08-28,coinex,,,,
output/coinex/coinex_40463754301972.txt,LEASH/USDT,下架,现货,2025-08-28,coinex,,,,
output/coinex/coinex_40183111587348.txt,IN/USDT,上架,现货,2025-08-13,coinex,,,,
output/coinex/coinex_39828022899732.txt,PLAY/USDT,上架,现货,2025-08-01,coinex,,,,
output/mexc/mexc_17827791529550.txt,ARIAUSDT,上架,合约,2025-08-21,mexc,,,,
output/mexc/mexc_17827791529008.txt,TOKABUETH/USDT,上架,现货,2025-08-16,mexc,,,,
output/mexc/mexc_17827791528658.txt,CRED/USDT,上架,现货,2025-08-14,mexc,,,,
output/mexc/mexc_17827791529003.txt,BLSH/USDT,上架,合约,2025-08-14,mexc,,,,
output/mexc/mexc_17827791529516.txt,AKE/USDT,上架,合约,2025-08-21,mexc,,,,
output/mexc/mexc_17827791529347.txt,BAS/USDT,上架,现货,2025-08-19,mexc,,,,
output/mexc/mexc_17827791529019.txt,PUBLIC/USDT,上架,合约,2025-08-15,mexc,,,,
output/mexc/mexc_17827791529297.txt,MK/USDT,上架,现货,2025-08-18,mexc,,,,
output/mexc/mexc_17827791528850.txt,LBAI/USDT,上架,现货,2025-08-15,mexc,,,,
output/mexc/mexc_17827791528997.txt,MTT/USDT,上架,现货,2025-08-15,mexc,,,,
output/mexc/mexc_17827791529519.txt,SAPIENUSDT,上架,合约,2025-08-21,mexc,,,,
output/mexc/mexc_17827791529295.txt,TCOMUSDT,上架,合约,2025-08-15,mexc,,,,
output/mexc/mexc_17827791529344.txt,DAM/USDT,上架,合约,2025-08-18,mexc,,,,
output/mexc/mexc_17827791529578.txt,BAS/USDT,上架,合约,2025-08-21,mexc,,,,
output/mexc/mexc_17827791528851.txt,AIO/USDT,上架,合约,2025-08-13,mexc,,,,
output/mexc/mexc_17827791529549.txt,YZYUSDT,上架,合约,2025-08-21,mexc,,,,
output/mexc/mexc_17827791529504.txt,SKY/USDT,上架,合约,2025-08-20,mexc,,,,
output/mexc/mexc_17827791528894.txt,TCOM/USDT,上架,现货,2025-08-15,mexc,,,,
output/mexc/mexc_17827791529026.txt,BLUP/USDT,上架,现货,2025-08-15,mexc,,,,
output/mexc/mexc_17827791529319.txt,DAM/USDT,上架,现货,2025-08-18,mexc,,,,
output/bingx/bingx_a337ad885df52f4825610e94f536a4ff.txt,CELL/USDT,上架,现货,2025-08-14,bingx,Cellframe (CELL) Coin Gets Listed on BingX Spot2025-08-13,https://bingx.com/en/support/articles/13492964385551/,,
output/bingx/bingx_31baf03f13d2258c36df116aea47b8d1.txt,YALA/USDT,上架,现货,2025-08-08,bingx,Yala (YALA) Coin Gets Listed on BingX Spot2025-08-08,https://bingx.com/en/support/articles/13451631612047/,,
output/bingx/bingx_955d5efa114738c3a166610c28088788.txt,XPIN/USDT,上架,现货,2025-08-22,bingx,XPIN Network (XPIN) Coin Gets Listed on BingX Spot2025-08-21,https://bingx.com/en/support/articles/13557368277135/,,
output/bingx/bingx_cdcab05a6c9e06b5ee2c29843efdff80.txt,SPARK/USDT,上架,现货,2025-08-11,bingx,SPARK Migration to BingX Spot2025-08-11,https://bingx.com/en/support/articles/13472876773519/,,
output/bingx/bingx_cdcab05a6c9e06b5ee2c29843efdff80.txt,SPARK/USDT,下架,现货,2025-08-11,bingx,SPARK Migration to BingX Spot2025-08-11,https://bingx.com/en/support/articles/13472876773519/,,
output/bingx/bingx_349ce4d2006cad1264a35a4b33c3e608.txt,LIGHT/USDT,上架,现货,2025-08-18,bingx,LIGHT Migration to BingX Spot2025-08-18,https://bingx.com/en/support/articles/13529440591247/,,
output/bingx/bingx_349ce4d2006cad1264a35a4b33c3e608.txt,LIGHT/USDT,下架,现货,2025-08-18,bingx,LIGHT Migration to BingX Spot2025-08-18,https://bingx.com/en/support/articles/13529440591247/,,
output/bingx/bingx_f14e4df5ed45574f430d9511192ae381.txt,BOSS/USDT,上架,现货,2025-08-11,bingx,BOSS Migration to BingX Spot2025-08-11,https://bingx.com/en/support/articles/13472894807695/,,
output/bingx/bingx_f14e4df5ed45574f430d9511192ae381.txt,BOSS/USDT,下架,现货,2025-08-11,bingx,BOSS Migration to BingX Spot2025-08-11,https://bingx.com/en/support/articles/13472894807695/,,
output/bingx/bingx_15d6ab91d3c551d2aff2f81dbdba415d.txt,SAPIEN/USDT,上架,现货,2025-08-20,bingx,Sapien (SAPIEN) Coin Gets Listed on BingX Spot2025-08-20,https://bingx.com/en/support/articles/13550096476943/,,
output/bingx/bingx_2944722db474f5ac4b7b4981143f00cf.txt,FLUID/USDT,上架,现货,2025-08-06,bingx,Fluid (FLUID) Coin Gets Listed on BingX Spot2025-08-06,https://bingx.com/en/support/articles/13431171447951/,,
output/bingx/bingx_c25c393aef8f91ae3cdcadcdc79006ec.txt,WORTHLESS/USDT,上架,现货,2025-08-01,bingx,WORTHLESS Migration to BingX Spot2025-08-01,https://bingx.com/en/support/articles/13391975577487/,,
output/bingx/bingx_c25c393aef8f91ae3cdcadcdc79006ec.txt,WORTHLESS/USDT,下架,现货,2025-08-01,bingx,WORTHLESS Migration to BingX Spot2025-08-01,https://bingx.com/en/support/articles/13391975577487/,,
output/bingx/bingx_d87b62cbcc54e95d02b5eba1aa346eea.txt,BLOCK/USDT,上架,现货,2025-08-12,bingx,Block (BLOCK) Coin Gets Listed on BingX Spot2025-08-12,https://bingx.com/en/support/articles/13481120222735/,,
output/bingx/bingx_7f8d0f0f7ed888a686dba9b019f7cfa6.txt,X/USDT,上架,现货,2025-08-07,bingx,TaleX (X) Coin Gets Listed on BingX Spot [Global Debut]2025-08-07,https://bingx.com/en/support/articles/13443335680911/,,
output/bingx/bingx_b86747c31f1a91d45a1acc3a1d35a81e.txt,GAIA/USDT,上架,现货,2025-07-31,bingx,Gaia (GAIA) Coin Gets Listed on BingX Spot2025-07-31,https://bingx.com/en/support/articles/13382005385871/,,
output/bingx/bingx_811488d7efb9fc7bb63f3913171d048a.txt,IRON/USDT,下架,现货,2025-08-18,bingx,BingX Spot Will Delist and Buy Back IRON2025-08-11,https://bingx.com/en/support/articles/13473134302351/,,
output/bingx/bingx_573d373ffecd4457f0ff70a24f9bb632.txt,IN/USDT,上架,现货,2025-08-07,bingx,INFINIT (IN) Coin Gets Listed on BingX Spot2025-08-06,https://bingx.com/en/support/articles/13430153729935/,,
output/bingx/bingx_d41eb05e602e5f0d7fd16eea189f1d99.txt,FIR/USDT,上架,现货,2025-08-06,bingx,Fireverse (FIR) Coin Gets Listed on BingX Spot2025-08-04,https://bingx.com/en/support/articles/13415163363727/,,
output/bingx/bingx_973a278d7d4b2b78cc004b9e0e36d554.txt,PROVE/USDT,上架,现货,2025-08-05,bingx,Succinct (PROVE) Coin Gets Listed on BingX Spot2025-08-05,https://bingx.com/en/support/articles/13421467778319/,,
output/bingx/bingx_2c7b0f3c049dbc544e38b84baf510dd2.txt,URANUS/USDT,上架,现货,2025-08-01,bingx,URANUS Migration to BingX Spot2025-08-01,https://bingx.com/en/support/articles/13392005105807/,,
output/bingx/bingx_2c7b0f3c049dbc544e38b84baf510dd2.txt,URANUS/USDT,下架,现货,2025-08-01,bingx,URANUS Migration to BingX Spot2025-08-01,https://bingx.com/en/support/articles/13392005105807/,,
output/bingx/bingx_d63e8adcc8dbb965faffc14d33350bc3.txt,CLIPPY/USDT,上架,现货,2025-08-18,bingx,CLIPPY Migration to BingX Spot2025-08-18,https://bingx.com/en/support/articles/13529422325775/,,
output/bingx/bingx_d63e8adcc8dbb965faffc14d33350bc3.txt,CLIPPY/USDT,下架,现货,2025-08-18,bingx,CLIPPY Migration to BingX Spot2025-08-18,https://bingx.com/en/support/articles/13529422325775/,,
output/bingx/bingx_a50edefeed19930c94bb74bf48765671.txt,RHEA/USDT,上架,现货,2025-07-31,bingx,RHEA Finance (RHEA) Coin Gets Listed on BingX Spot2025-07-31,https://bingx.com/en/support/articles/13385399487375/,,
output/bingx/bingx_f856444a0618e5eb0ea1f56fff734692.txt,A2Z/USDT,上架,现货,2025-08-05,bingx,Arena-Z (A2Z) Coin Gets Listed on BingX Spot2025-08-05,https://bingx.com/en/support/articles/13424906521871/,,
output/bitunix/bitunix_da90a89c33d91b828f9992b435b3483b.txt,PLAY/USDT,下架,现货,2025-08-07,bitunix,,,,
output/bitunix/bitunix_da90a89c33d91b828f9992b435b3483b.txt,BULLA/USDT,下架,现货,2025-08-07,bitunix,,,,
output/bitunix/bitunix_beff13a2f2f954f689859b7a46c8f403.txt,UFD/USDT,下架,现货,2025-08-07,bitunix,,,,
output/bitunix/bitunix_beff13a2f2f954f689859b7a46c8f403.txt,BROCCOLIF3B/USDT,下架,现货,2025-08-07,bitunix,,,,
output/bitunix/bitunix_beff13a2f2f954f689859b7a46c8f403.txt,BASEDAI/USDT,下架,现货,2025-08-07,bitunix,,,,
output/bitunix/bitunix_b8558939238dc6892f1a36a6f22e79ae.txt,BOMB/USDT,下架,现货,2025-08-22,bitunix,,,,
output/bitunix/bitunix_b8558939238dc6892f1a36a6f22e79ae.txt,CSKY/USDT,下架,现货,2025-08-22,bitunix,,,,
output/bitunix/bitunix_85b63aaaa3a2a7ac68aa2b39c7f6bb63.txt,AIT/USDT,下架,现货,2025-08-15,bitunix,,,,
output/bitunix/bitunix_85b63aaaa3a2a7ac68aa2b39c7f6bb63.txt,ARW/USDT,下架,现货,2025-08-15,bitunix,,,,
output/bitunix/bitunix_85b63aaaa3a2a7ac68aa2b39c7f6bb63.txt,CEL/USDT,下架,现货,2025-08-15,bitunix,,,,
output/bitunix/bitunix_85b63aaaa3a2a7ac68aa2b39c7f6bb63.txt,PAIN/USDT,下架,现货,2025-08-15,bitunix,,,,
output/bitunix/bitunix_85b63aaaa3a2a7ac68aa2b39c7f6bb63.txt,VGX/USDT,下架,现货,2025-08-15,bitunix,,,,
output/bitunix/bitunix_7b4914fe224cbca0bcdcf1a4b8dfe6e7.txt,RAD/USDT,上架,现货,2025-08-20,bitunix,,,,
output/bitunix/bitunix_30c4ad610710e1427f93ad86688e5828.txt,SAPIEN/USDT,上架,现货,2025-08-21,bitunix,,,,
output/bitunix/bitunix_30c4ad610710e1427f93ad86688e5828.txt,SAPIEN/USDT,上架,合约,2025-08-21,bitunix,,,,
output/bitunix/bitunix_445c89b2190af2798cd2d0334b9033d6.txt,YALA/USDT,上架,合约,2025-08-20,bitunix,,,,
output/bitunix/bitunix_34eb171222712a495ffe473d79327552.txt,COS/USDT,上架,现货,2025-08-21,bitunix,,,,
output/bitunix/bitunix_34eb171222712a495ffe473d79327552.txt,COS/USDT,上架,合约,2025-08-21,bitunix,,,,
output/bitunix/bitunix_5d0208ceabdffb0a24c9256a1b5478ab.txt,CSPR/USDT,下架,合约,2025-08-22,bitunix,,,,
output/bitunix/bitunix_ad0f9b505fe33363582f1430b75eed1b.txt,WILD/USDT,上架,现货,2025-08-19,bitunix,,,,
output/bitunix/bitunix_4e300b19928619fb8e4c4bce8efe4f45.txt,RFC/USDT,下架,合约,2025-08-08,bitunix,,,,
output/bitunix/bitunix_e021f43a4303f52dc77e684d8c2a2097.txt,YZY/USDT,上架,现货,2025-08-21,bitunix,,,,
output/bitunix/bitunix_e021f43a4303f52dc77e684d8c2a2097.txt,YZY/USDT,上架,合约,2025-08-21,bitunix,,,,
output/bybit/bybit_1e2d97ddba18e8874ba617c62408180a.txt,MKR/USDT,下架,合约,2025-08-18,bybit,,,,
output/bybit/bybit_4721669def6d1147af18e8b3e3d9b836.txt,DAM/USDT,上架,合约,2025-08-18,bybit,,,,
output/bybit/bybit_2115458c083b9f3f1a07d8783d0fb777.txt,TGT/USDT,下架,现货,2025-08-22,bybit,,,,
output/bybit/bybit_2115458c083b9f3f1a07d8783d0fb777.txt,GST/USDT,下架,现货,2025-08-22,bybit,,,,
output/bybit/bybit_2115458c083b9f3f1a07d8783d0fb777.txt,NLK/USDT,下架,现货,2025-08-22,bybit,,,,
output/bybit/bybit_2115458c083b9f3f1a07d8783d0fb777.txt,FIRE/USDT,下架,现货,2025-08-22,bybit,,,,
output/bybit/bybit_13bc4036f1efd8ea976af50d70d4f7ec.txt,AVA/USDT,上架,现货,2025-08-15,bybit,,,,
output/bybit/bybit_13bc4036f1efd8ea976af50d70d4f7ec.txt,SPARK/USDT,上架,现货,2025-08-15,bybit,,,,
output/bybit/bybit_13bc4036f1efd8ea976af50d70d4f7ec.txt,TROLL/USDT,上架,现货,2025-08-15,bybit,,,,
output/bybit/bybit_13bc4036f1efd8ea976af50d70d4f7ec.txt,Tokabu/USDT,上架,现货,2025-08-15,bybit,,,,
output/bybit/bybit_13bc4036f1efd8ea976af50d70d4f7ec.txt,House/USDT,上架,现货,2025-08-15,bybit,,,,
output/bybit/bybit_13bc4036f1efd8ea976af50d70d4f7ec.txt,USDUC/USDT,上架,现货,2025-08-15,bybit,,,,
output/bybit/bybit_13bc4036f1efd8ea976af50d70d4f7ec.txt,URANUS/USDT,上架,现货,2025-08-15,bybit,,,,
output/bybit/bybit_13bc4036f1efd8ea976af50d70d4f7ec.txt,PYTHIA/USDT,上架,现货,2025-08-15,bybit,,,,
output/bybit/bybit_5f233f011f1e0309f48c4d5ef09074eb.txt,SAPIEN/USDT,上架,合约,2025-08-20,bybit,,,,
output/bybit/bybit_d9417f8d47ece73041860dce6d513104.txt,RPK/USDT,下架,现货,2025-08-08,bybit,,,,
output/bybit/bybit_d9417f8d47ece73041860dce6d513104.txt,AEG/USDT,下架,现货,2025-08-08,bybit,,,,
output/bybit/bybit_d9417f8d47ece73041860dce6d513104.txt,EGO/USDT,下架,现货,2025-08-08,bybit,,,,
output/bybit/bybit_d9417f8d47ece73041860dce6d513104.txt,LUCE/USDT,下架,现货,2025-08-08,bybit,,,,
output/bybit/bybit_e4be6cee9853f9f8a8f0d773803dd72e.txt,ASR/USDT,上架,合约,2025-08-14,bybit,,,,
output/bybit/bybit_8e89b1fb9a8e1e66a2f8b9e9175666ba.txt,MOBILE/USDT,下架,合约,2025-08-01,bybit,,,,
output/bybit/bybit_fd96fbf67d11e36d9f2b5973c3d413f4.txt,BAL/USDT,下架,合约,2025-07-29,bybit,,,,
output/bybit/bybit_d7e5b16ee5ec74d75f528c5180d5fadb.txt,CHRP/USDT,下架,现货,2025-08-15,bybit,,,,
output/bybit/bybit_d7e5b16ee5ec74d75f528c5180d5fadb.txt,CAPS/USDT,下架,现货,2025-08-15,bybit,,,,
output/bybit/bybit_d7e5b16ee5ec74d75f528c5180d5fadb.txt,FMC/USDT,下架,现货,2025-08-15,bybit,,,,
output/bybit/bybit_d7e5b16ee5ec74d75f528c5180d5fadb.txt,FMB/USDT,下架,现货,2025-08-15,bybit,,,,
output/bybit/bybit_5a5deba5a3e209747a1c09722732ba54.txt,AIO/USDT,上架,合约,2025-08-13,bybit,,,,
output/bybit/bybit_9bd6f3a5cfde10c21fe4af63df3a533e.txt,FWOG/USDT,上架,现货,2025-08-19,bybit,,,,
output/bybit/bybit_9bd6f3a5cfde10c21fe4af63df3a533e.txt,WORTHLESS/USDT,上架,现货,2025-08-19,bybit,,,,
output/bybit/bybit_9bd6f3a5cfde10c21fe4af63df3a533e.txt,CLIPPY/USDT,上架,现货,2025-08-19,bybit,,,,
output/bybit/bybit_9bd6f3a5cfde10c21fe4af63df3a533e.txt,nub/USDT,上架,现货,2025-08-19,bybit,,,,
output/bybit/bybit_2b7bf88f6c38f8eea8ac623aed9f26d5.txt,KUSDT/USDT,上架,合约,2025-08-08,bybit,,,,
output/bybit/bybit_f5a275559507fad571f44435b154d489.txt,ALPINE/USDT,上架,合约,2025-08-14,bybit,,,,
output/bybit/bybit_f11dc12c99b96ade328baf19399ddcee.txt,SKY/USDT,上架,合约,2025-08-11,bybit,,,,
output/bybit/bybit_87de27fde1f30fbbfae83f9d0da38925.txt,YZY/USDT,上架,合约,2025-08-21,bybit,,,,
output/bybit/bybit_ee86cc737d1f2a668c372a809d737b7c.txt,TST/USDT,下架,现货,2025-07-25,bybit,,,,
output/bybit/bybit_ee86cc737d1f2a668c372a809d737b7c.txt,5IRE/USDT,下架,现货,2025-07-25,bybit,,,,
output/bybit/bybit_ee86cc737d1f2a668c372a809d737b7c.txt,APTR/USDT,下架,现货,2025-07-25,bybit,,,,
output/bybit/bybit_ee86cc737d1f2a668c372a809d737b7c.txt,ERTHA/USDT,下架,现货,2025-07-25,bybit,,,,
output/bybit/bybit_ee86cc737d1f2a668c372a809d737b7c.txt,GUMMY/USDT,下架,现货,2025-07-25,bybit,,,,
output/bybit/bybit_ee86cc737d1f2a668c372a809d737b7c.txt,PIP/USDT,下架,现货,2025-07-25,bybit,,,,
output/bybit/bybit_3945ddf90bec9998a204ae1e3bc50e80.txt,KOMA/USDT,下架,合约,2025-08-01,bybit,,,,
output/bybit/bybit_879ec3b4d457b60919d8c512977e2e93.txt,PSIX/USD,上架,合约,2025-08-14,bybit,,,,
output/bybit/bybit_879ec3b4d457b60919d8c512977e2e93.txt,CLS/USD,上架,合约,2025-08-14,bybit,,,,
output/bybit/bybit_879ec3b4d457b60919d8c512977e2e93.txt,DAVE/USD,上架,合约,2025-08-14,bybit,,,,
output/bybit/bybit_879ec3b4d457b60919d8c512977e2e93.txt,STRL/USD,上架,合约,2025-08-14,bybit,,,,
output/bybit/bybit_879ec3b4d457b60919d8c512977e2e93.txt,CRDO/USD,上架,合约,2025-08-14,bybit,,,,
output/bybit/bybit_879ec3b4d457b60919d8c512977e2e93.txt,VRT/USD,上架,合约,2025-08-14,bybit,,,,
output/bybit/bybit_879ec3b4d457b60919d8c512977e2e93.txt,FIG/USD,上架,合约,2025-08-14,bybit,,,,
output/bybit/bybit_6f01737264c0637db40f473a93b7f910.txt,XNY/USDT,上架,合约,2025-08-13,bybit,,,,
output/gate/gate_46718.txt,ARIA/USDT,上架,现货,2025-08-21,gate,,,,
output/gate/gate_46703.txt,CUDIS/USDT,上架,合约,2025-08-20,gate,,,,
output/gate/gate_46719.txt,ARIA/USDT,上架,合约,2025-08-21,gate,,,,
output/gate/gate_46641.txt,ARIA/USDT,上架,现货,2025-08-21,gate,,,,
output/gate/gate_46704.txt,SAPIEN/USDT,上架,合约,2025-08-21,gate,,,,
output/gate/gate_46620.txt,ANI/USDT,上架,现货,2025-08-15,gate,,,,
output/gate/gate_46565.txt,AIBOT/USDT,上架,现货,2025-08-14,gate,,,,
output/gate/gate_46713.txt,GTBTC/USDT,上架,现货,2025-08-21,gate,,,,
output/gate/gate_46713.txt,GTBTC/BTC,上架,现货,2025-08-21,gate,,,,
output/gate/gate_46593.txt,TCOM/USDT,上架,现货,2025-08-15,gate,,,,
output/gate/gate_46710.txt,YZY/USDT,上架,现货,2025-08-21,gate,,,,
output/gate/gate_46706.txt,XPIN/USDT,上架,现货,2025-08-22,gate,,,,
output/gate/gate_46567.txt,URANUS/USDT,上架,现货,2025-08-13,gate,,,,
output/gate/gate_46711.txt,YZY/USDT,上架,合约,2025-08-21,gate,,,,
output/gate/gate_46711.txt,MNT/USDT,上架,合约,2025-08-21,gate,,,,
output/gate/gate_46720.txt,YZY/USDT,上架,合约,2025-08-21,gate,,,,
output/gate/gate_46645.txt,AIO/USDT,上架,现货,2025-08-15,gate,,,,
output/gate/gate_46613.txt,PUBLIC/USDT,上架,现货,2025-08-15,gate,,,,
output/binance/binance_40ee960c4a54cc4f1f5bc39122ca89a7.txt,MOVE/FDUSD,下架,现货,2025-08-22,binance,币安移除部分现货交易对的公告 - 2025-08-22,https://www.binance.com/zh-CN/support/announcement/detail/c62d1ed9054b4a70b2ecbe0af01e50bb,c62d1ed9054b4a70b2ecbe0af01e50bb,
output/binance/binance_40ee960c4a54cc4f1f5bc39122ca89a7.txt,NIL/FDUSD,下架,现货,2025-08-22,binance,币安移除部分现货交易对的公告 - 2025-08-22,https://www.binance.com/zh-CN/support/announcement/detail/c62d1ed9054b4a70b2ecbe0af01e50bb,c62d1ed9054b4a70b2ecbe0af01e50bb,
output/binance/binance_40ee960c4a54cc4f1f5bc39122ca89a7.txt,SXT/BNB,下架,现货,2025-08-22,binance,币安移除部分现货交易对的公告 - 2025-08-22,https://www.binance.com/zh-CN/support/announcement/detail/c62d1ed9054b4a70b2ecbe0af01e50bb,c62d1ed9054b4a70b2ecbe0af01e50bb,
output/binance/binance_e541316d2811dd48540c009cb429b5dc.txt,DEFI/USDT,下架,合约,2025-08-11,binance,币安合约将下架DEFIUSDT和MEMEFI U本位永续合约（2025-08-11）,https://www.binance.com/zh-CN/support/announcement/detail/21e399dcea734230a3c181daf5407b64,21e399dcea734230a3c181daf5407b64,
output/binance/binance_e541316d2811dd48540c009cb429b5dc.txt,MEMEFI/USDT,下架,合约,2025-08-11,binance,币安合约将下架DEFIUSDT和MEMEFI U本位永续合约（2025-08-11）,https://www.binance.com/zh-CN/support/announcement/detail/21e399dcea734230a3c181daf5407b64,21e399dcea734230a3c181daf5407b64,
output/binance/binance_fefbcd2fc864b323cd618a1d975d167f.txt,DEFI/USDT,下架,合约,2025-08-11,binance,币安合约将下架DEFIUSDT和MEMEFI U本位永续合约（2025-08-11）,https://www.binance.com/zh-CN/support/announcement/detail/21e399dcea734230a3c181daf5407b64,21e399dcea734230a3c181daf5407b64,
output/binance/binance_fefbcd2fc864b323cd618a1d975d167f.txt,MEMEFI/USDT,下架,合约,2025-08-11,binance,币安合约将下架DEFIUSDT和MEMEFI U本位永续合约（2025-08-11）,https://www.binance.com/zh-CN/support/announcement/detail/21e399dcea734230a3c181daf5407b64,21e399dcea734230a3c181daf5407b64,
output/binance/binance_fb3d6a3d09f8f04384d7dfa1a34c0ad2.txt,ANIME/FDUSD,下架,现货,2025-08-15,binance,币安移除部分现货交易对的公告 - 2025-08-15,https://www.binance.com/zh-CN/support/announcement/detail/b021b76f70af4465a0b5add81d751de7,b021b76f70af4465a0b5add81d751de7,
output/binance/binance_fb3d6a3d09f8f04384d7dfa1a34c0ad2.txt,HYPER/FDUSD,下架,现货,2025-08-15,binance,币安移除部分现货交易对的公告 - 2025-08-15,https://www.binance.com/zh-CN/support/announcement/detail/b021b76f70af4465a0b5add81d751de7,b021b76f70af4465a0b5add81d751de7,
output/binance/binance_fb3d6a3d09f8f04384d7dfa1a34c0ad2.txt,STO/BNB,下架,现货,2025-08-15,binance,币安移除部分现货交易对的公告 - 2025-08-15,https://www.binance.com/zh-CN/support/announcement/detail/b021b76f70af4465a0b5add81d751de7,b021b76f70af4465a0b5add81d751de7,
output/binance/binance_c06fdfdbe0056bbff6717e56e995b816.txt,NKN/BTC,下架,现货,2025-08-08,binance,币安移除部分现货交易对的公告 - 2025-08-08,https://www.binance.com/zh-CN/support/announcement/detail/95ea413c2c1c41498664b0bad613fcd9,95ea413c2c1c41498664b0bad613fcd9,
output/binance/binance_c06fdfdbe0056bbff6717e56e995b816.txt,STX/BNB,下架,现货,2025-08-08,binance,币安移除部分现货交易对的公告 - 2025-08-08,https://www.binance.com/zh-CN/support/announcement/detail/95ea413c2c1c41498664b0bad613fcd9,95ea413c2c1c41498664b0bad613fcd9,
output/binance/binance_72b7d930588783ddeaedad7c46fc769f.txt,ACT/EUR,下架,现货,2025-07-04,binance,币安移除部分现货交易对的公告 - 2025-07-04,https://www.binance.com/zh-CN/support/announcement/detail/8cf8c5c8702d40eabee04d8a66788733,8cf8c5c8702d40eabee04d8a66788733,
output/binance/binance_72b7d930588783ddeaedad7c46fc769f.txt,FIO/BTC,下架,现货,2025-07-04,binance,币安移除部分现货交易对的公告 - 2025-07-04,https://www.binance.com/zh-CN/support/announcement/detail/8cf8c5c8702d40eabee04d8a66788733,8cf8c5c8702d40eabee04d8a66788733,
output/binance/binance_72b7d930588783ddeaedad7c46fc769f.txt,TNSR/FDUSD,下架,现货,2025-07-04,binance,币安移除部分现货交易对的公告 - 2025-07-04,https://www.binance.com/zh-CN/support/announcement/detail/8cf8c5c8702d40eabee04d8a66788733,8cf8c5c8702d40eabee04d8a66788733,
output/binance/binance_72b7d930588783ddeaedad7c46fc769f.txt,TST/FDUSD,下架,现货,2025-07-04,binance,币安移除部分现货交易对的公告 - 2025-07-04,https://www.binance.com/zh-CN/support/announcement/detail/8cf8c5c8702d40eabee04d8a66788733,8cf8c5c8702d40eabee04d8a66788733,
output/binance/binance_8a31c579724352f626d8101d3ca48d20.txt,ALPHA/USDT,下架,现货,2025-07-04,binance,币安将下架ALPHA、BSW、KMD、LEVER、LTO（2025-07-04）,https://www.binance.com/zh-CN/support/announcement/detail/173b2a63c03141009029407ecfebd14a,173b2a63c03141009029407ecfebd14a,
output/binance/binance_8a31c579724352f626d8101d3ca48d20.txt,BSW/USDT,下架,现货,2025-07-04,binance,币安将下架ALPHA、BSW、KMD、LEVER、LTO（2025-07-04）,https://www.binance.com/zh-CN/support/announcement/detail/173b2a63c03141009029407ecfebd14a,173b2a63c03141009029407ecfebd14a,
output/binance/binance_8a31c579724352f626d8101d3ca48d20.txt,KMD/USDT,下架,现货,2025-07-04,binance,币安将下架ALPHA、BSW、KMD、LEVER、LTO（2025-07-04）,https://www.binance.com/zh-CN/support/announcement/detail/173b2a63c03141009029407ecfebd14a,173b2a63c03141009029407ecfebd14a,
output/binance/binance_8a31c579724352f626d8101d3ca48d20.txt,LEVER/USDT,下架,现货,2025-07-04,binance,币安将下架ALPHA、BSW、KMD、LEVER、LTO（2025-07-04）,https://www.binance.com/zh-CN/support/announcement/detail/173b2a63c03141009029407ecfebd14a,173b2a63c03141009029407ecfebd14a,
output/binance/binance_8a31c579724352f626d8101d3ca48d20.txt,LTO/USDT,下架,现货,2025-07-04,binance,币安将下架ALPHA、BSW、KMD、LEVER、LTO（2025-07-04）,https://www.binance.com/zh-CN/support/announcement/detail/173b2a63c03141009029407ecfebd14a,173b2a63c03141009029407ecfebd14a,
output/binance/binance_9f4a100ca92a26ee8e95876d76b30719.txt,DOGS/FDUSD,下架,合约,2025-08-08,binance,币安杠杆移除部分交易对的公告 - 2025-08-08,https://www.binance.com/zh-CN/support/announcement/detail/3270cb16cd344fecb9646758131189dc,3270cb16cd344fecb9646758131189dc,
output/binance/binance_9f4a100ca92a26ee8e95876d76b30719.txt,MOVE/FDUSD,下架,合约,2025-08-08,binance,币安杠杆移除部分交易对的公告 - 2025-08-08,https://www.binance.com/zh-CN/support/announcement/detail/3270cb16cd344fecb9646758131189dc,3270cb16cd344fecb9646758131189dc,
output/binance/binance_9f4a100ca92a26ee8e95876d76b30719.txt,MANTA/FDUSD,下架,合约,2025-08-08,binance,币安杠杆移除部分交易对的公告 - 2025-08-08,https://www.binance.com/zh-CN/support/announcement/detail/3270cb16cd344fecb9646758131189dc,3270cb16cd344fecb9646758131189dc,
output/binance/binance_9f4a100ca92a26ee8e95876d76b30719.txt,PEOPLE/FDUSD,下架,合约,2025-08-08,binance,币安杠杆移除部分交易对的公告 - 2025-08-08,https://www.binance.com/zh-CN/support/announcement/detail/3270cb16cd344fecb9646758131189dc,3270cb16cd344fecb9646758131189dc,
output/binance/binance_3d6577495c905308d878a8584b54959b.txt,MOVE/FDUSD,下架,现货,2025-08-22,binance,币安移除部分现货交易对的公告 - 2025-08-22,https://www.binance.com/zh-CN/support/announcement/detail/c62d1ed9054b4a70b2ecbe0af01e50bb,c62d1ed9054b4a70b2ecbe0af01e50bb,
output/binance/binance_3d6577495c905308d878a8584b54959b.txt,NIL/FDUSD,下架,现货,2025-08-22,binance,币安移除部分现货交易对的公告 - 2025-08-22,https://www.binance.com/zh-CN/support/announcement/detail/c62d1ed9054b4a70b2ecbe0af01e50bb,c62d1ed9054b4a70b2ecbe0af01e50bb,
output/binance/binance_3d6577495c905308d878a8584b54959b.txt,SXT/BNB,下架,现货,2025-08-22,binance,币安移除部分现货交易对的公告 - 2025-08-22,https://www.binance.com/zh-CN/support/announcement/detail/c62d1ed9054b4a70b2ecbe0af01e50bb,c62d1ed9054b4a70b2ecbe0af01e50bb,
output/binance/binance_d791a14fb73cd19b469e84baa7acd751.txt,NKN/BTC,下架,现货,2025-08-08,binance,币安移除部分现货交易对的公告 - 2025-08-08,https://www.binance.com/zh-CN/support/announcement/detail/95ea413c2c1c41498664b0bad613fcd9,95ea413c2c1c41498664b0bad613fcd9,
output/binance/binance_d791a14fb73cd19b469e84baa7acd751.txt,STX/BNB,下架,现货,2025-08-08,binance,币安移除部分现货交易对的公告 - 2025-08-08,https://www.binance.com/zh-CN/support/announcement/detail/95ea413c2c1c41498664b0bad613fcd9,95ea413c2c1c41498664b0bad613fcd9,
output/binance/binance_af2de8759a8b0ae12ca1f537a4e92482.txt,DOGS/FDUSD,下架,合约,2025-08-08,binance,币安杠杆移除部分交易对的公告 - 2025-08-08,https://www.binance.com/zh-CN/support/announcement/detail/3270cb16cd344fecb9646758131189dc,3270cb16cd344fecb9646758131189dc,
output/binance/binance_af2de8759a8b0ae12ca1f537a4e92482.txt,MOVE/FDUSD,下架,合约,2025-08-08,binance,币安杠杆移除部分交易对的公告 - 2025-08-08,https://www.binance.com/zh-CN/support/announcement/detail/3270cb16cd344fecb9646758131189dc,3270cb16cd344fecb9646758131189dc,
output/binance/binance_af2de8759a8b0ae12ca1f537a4e92482.txt,MANTA/FDUSD,下架,合约,2025-08-08,binance,币安杠杆移除部分交易对的公告 - 2025-08-08,https://www.binance.com/zh-CN/support/announcement/detail/3270cb16cd344fecb9646758131189dc,3270cb16cd344fecb9646758131189dc,
output/binance/binance_af2de8759a8b0ae12ca1f537a4e92482.txt,PEOPLE/FDUSD,下架,合约,2025-08-08,binance,币安杠杆移除部分交易对的公告 - 2025-08-08,https://www.binance.com/zh-CN/support/announcement/detail/3270cb16cd344fecb9646758131189dc,3270cb16cd344fecb9646758131189dc,
output/binance/binance_857961a19f2e58be8d68ba1aa1fbf324.txt,XVS/TRY,下架,现货,2025-08-01,binance,币安移除部分现货交易对的公告 - 2025-08-01,https://www.binance.com/zh-CN/support/announcement/detail/4da1c4e783e24cfd93f24d73e484654e,4da1c4e783e24cfd93f24d73e484654e,
output/binance/binance_857961a19f2e58be8d68ba1aa1fbf324.txt,YGG/TRY,下架,现货,2025-08-01,binance,币安移除部分现货交易对的公告 - 2025-08-01,https://www.binance.com/zh-CN/support/announcement/detail/4da1c4e783e24cfd93f24d73e484654e,4da1c4e783e24cfd93f24d73e484654e,
output/binance/binance_622b30e1f754d18033da9cc641d9ab65.txt,GPS/FDUSD,下架,现货,2025-07-25,binance,币安移除部分现货交易对的公告 - 2025-07-25,https://www.binance.com/zh-CN/support/announcement/detail/7f81ba43118f4877af41ed984f901e67,7f81ba43118f4877af41ed984f901e67,
output/binance/binance_622b30e1f754d18033da9cc641d9ab65.txt,HIVE/FDUSD,下架,现货,2025-07-25,binance,币安移除部分现货交易对的公告 - 2025-07-25,https://www.binance.com/zh-CN/support/announcement/detail/7f81ba43118f4877af41ed984f901e67,7f81ba43118f4877af41ed984f901e67,
output/binance/binance_b1a46bd8cc19ce190a47abc65821f526.txt,ANIME/FDUSD,下架,现货,2025-08-15,binance,币安移除部分现货交易对的公告 - 2025-08-15,https://www.binance.com/zh-CN/support/announcement/detail/b021b76f70af4465a0b5add81d751de7,b021b76f70af4465a0b5add81d751de7,
output/binance/binance_b1a46bd8cc19ce190a47abc65821f526.txt,HYPER/FDUSD,下架,现货,2025-08-15,binance,币安移除部分现货交易对的公告 - 2025-08-15,https://www.binance.com/zh-CN/support/announcement/detail/b021b76f70af4465a0b5add81d751de7,b021b76f70af4465a0b5add81d751de7,
output/binance/binance_b1a46bd8cc19ce190a47abc65821f526.txt,STO/BNB,下架,现货,2025-08-15,binance,币安移除部分现货交易对的公告 - 2025-08-15,https://www.binance.com/zh-CN/support/announcement/detail/b021b76f70af4465a0b5add81d751de7,b021b76f70af4465a0b5add81d751de7,
output/binance/binance_dab7ed08672e073f2b9562fffcc15393.txt,KAITO/BNB,下架,现货,2025-06-27,binance,币安移除部分现货交易对的公告 - 2025-06-27,https://www.binance.com/zh-CN/support/announcement/detail/a37e284394114daf8e0045360dd129eb,a37e284394114daf8e0045360dd129eb,
output/binance/binance_dab7ed08672e073f2b9562fffcc15393.txt,KAITO/BRL,下架,现货,2025-06-27,binance,币安移除部分现货交易对的公告 - 2025-06-27,https://www.binance.com/zh-CN/support/announcement/detail/a37e284394114daf8e0045360dd129eb,a37e284394114daf8e0045360dd129eb,
output/binance/binance_dab7ed08672e073f2b9562fffcc15393.txt,ZIL/BTC,下架,现货,2025-06-27,binance,币安移除部分现货交易对的公告 - 2025-06-27,https://www.binance.com/zh-CN/support/announcement/detail/a37e284394114daf8e0045360dd129eb,a37e284394114daf8e0045360dd129eb,
output/binance/binance_1873a51a3fd8e8e4548f401e6c3619ef.txt,ANIME/FDUSD,下架,现货,2025-08-15,binance,币安移除部分现货交易对的公告 - 2025-08-15,https://www.binance.com/zh-CN/support/announcement/detail/b021b76f70af4465a0b5add81d751de7,b021b76f70af4465a0b5add81d751de7,
output/binance/binance_1873a51a3fd8e8e4548f401e6c3619ef.txt,HYPER/FDUSD,下架,现货,2025-08-15,binance,币安移除部分现货交易对的公告 - 2025-08-15,https://www.binance.com/zh-CN/support/announcement/detail/b021b76f70af4465a0b5add81d751de7,b021b76f70af4465a0b5add81d751de7,
output/binance/binance_1873a51a3fd8e8e4548f401e6c3619ef.txt,STO/BNB,下架,现货,2025-08-15,binance,币安移除部分现货交易对的公告 - 2025-08-15,https://www.binance.com/zh-CN/support/announcement/detail/b021b76f70af4465a0b5add81d751de7,b021b76f70af4465a0b5add81d751de7,
